,time,species_0,species_1,species_2,food,ground_truth,timeseries_id,noise,n_species,did,n_timeseries,n_timepoints,sampling_scheme
0,6.0606060606060606,0.6943339605840159,1.4275199426098295,1.3740515043375,0.084235410966672,3_sp_gt_5,36656,0.01,3,78,50,5,seq
1,7.272727272727273,0.6498228407593314,1.128475156961589,1.2763964164173422,0.0969311933141924,3_sp_gt_5,36656,0.01,3,78,50,5,seq
2,8.484848484848484,0.7649905838720418,0.94907250120123,1.1265467058680705,0.1044847426234448,3_sp_gt_5,36656,0.01,3,78,50,5,seq
3,10.0,0.9537679377867836,0.984873012414426,1.054375518216479,0.1035513689093508,3_sp_gt_5,36656,0.01,3,78,50,5,seq
4,11.212121212121213,0.9878586760203696,1.1340777139880118,1.1314643668117854,0.0935750375760295,3_sp_gt_5,36656,0.01,3,78,50,5,seq
5,8.484848484848484,1.0502814313699005,0.680670729644079,0.8640309322831536,0.1223659230999419,3_sp_gt_5,41300,0.01,3,78,50,5,seq
6,10.0,1.1687808044059231,1.225386523369774,1.1039817625204786,0.0902459377487419,3_sp_gt_5,41300,0.01,3,78,50,5,seq
7,11.212121212121213,0.8062047447908686,1.4563390013197324,1.4042044944058796,0.0821033813360696,3_sp_gt_5,41300,0.01,3,78,50,5,seq
8,12.424242424242424,0.627826720680309,1.254954412778729,1.398377261264985,0.0884303956711054,3_sp_gt_5,41300,0.01,3,78,50,5,seq
9,13.636363636363637,0.673430649569551,0.9732165631193144,1.1406273820179598,0.1041226413539399,3_sp_gt_5,41300,0.01,3,78,50,5,seq
10,8.484848484848484,0.7973048289141953,0.5268292894933205,0.8457977130849571,0.1390031311659329,3_sp_gt_5,115475,0.01,3,78,50,5,seq
11,10.0,1.3352747224424049,0.9030670877779446,0.907824684041248,0.1034248304264317,3_sp_gt_5,115475,0.01,3,78,50,5,seq
12,11.212121212121213,1.066053695407614,1.4239897980115146,1.2587906471230186,0.0828391410775007,3_sp_gt_5,115475,0.01,3,78,50,5,seq
13,12.424242424242424,0.7041681703587599,1.4165328837756324,1.4731879305949396,0.0822632058088981,3_sp_gt_5,115475,0.01,3,78,50,5,seq
14,13.636363636363637,0.6186198698636067,1.0881405439917766,1.2904625788567543,0.0953850186900775,3_sp_gt_5,115475,0.01,3,78,50,5,seq
15,10.0,0.9475788926394408,0.9680581463017696,1.0765994583794574,0.1006479368557349,3_sp_gt_5,309357,0.01,3,78,50,5,seq
16,11.212121212121213,0.9688447013521542,1.1543431923457972,1.1774711655152026,0.0908395119383766,3_sp_gt_5,309357,0.01,3,78,50,5,seq
17,12.424242424242424,0.8287739161049175,1.2186897224705042,1.2674409504804645,0.0891812703815649,3_sp_gt_5,309357,0.01,3,78,50,5,seq
18,13.636363636363637,0.7482796525422611,1.148983071221075,1.2569511496914512,0.0944122050358908,3_sp_gt_5,309357,0.01,3,78,50,5,seq
19,14.84848484848485,0.7712906398707723,1.034104730306919,1.1488871253711803,0.1015133150116748,3_sp_gt_5,309357,0.01,3,78,50,5,seq
20,7.272727272727273,0.6196398218804516,1.0196867300089814,1.254770466618315,0.1001060954868199,3_sp_gt_5,416304,0.01,3,78,50,5,seq
21,8.484848484848484,0.7844959069351309,0.8846675628893328,1.0643527098161851,0.1116850835020561,3_sp_gt_5,416304,0.01,3,78,50,5,seq
22,10.0,1.0136441980805175,0.9995300175748626,1.0737773027833195,0.1018750364831581,3_sp_gt_5,416304,0.01,3,78,50,5,seq
23,11.212121212121213,0.9482469715735068,1.1828558091711523,1.224865625623656,0.0903678312905705,3_sp_gt_5,416304,0.01,3,78,50,5,seq
24,12.424242424242424,0.8009227673110016,1.2674220590827758,1.3207272622408603,0.0889564126740051,3_sp_gt_5,416304,0.01,3,78,50,5,seq
25,6.0606060606060606,0.3566457188508458,1.396240970863624,1.6051536545754208,0.0820647512616849,3_sp_gt_5,591973,0.01,3,78,50,5,seq
26,7.272727272727273,0.438665101359982,0.8007568376219121,1.1725492246966531,0.1142654380010538,3_sp_gt_5,591973,0.01,3,78,50,5,seq
27,8.484848484848484,0.8434101867021031,0.5760001997980434,0.8744386004860556,0.1339908902696283,3_sp_gt_5,591973,0.01,3,78,50,5,seq
28,10.0,1.2921057112613128,0.9917665466579774,0.961647472693252,0.1009143774818849,3_sp_gt_5,591973,0.01,3,78,50,5,seq
29,11.212121212121213,0.98089681947092,1.4535263678210946,1.2935664360841963,0.0807720850244757,3_sp_gt_5,591973,0.01,3,78,50,5,seq
30,10.0,0.939064868062384,0.9902928003202212,1.0532223162610213,0.1053218559005327,3_sp_gt_5,1444356,0.01,3,78,50,5,seq
31,11.212121212121213,0.9861523696731236,1.133880835300709,1.1809130400050434,0.093990863158161,3_sp_gt_5,1444356,0.01,3,78,50,5,seq
32,12.424242424242424,0.8259492752884174,1.2406364855462269,1.2698190207019555,0.088140973224654,3_sp_gt_5,1444356,0.01,3,78,50,5,seq
33,13.636363636363637,0.7587715172948781,1.1493909680562822,1.263496993283029,0.0947450220588316,3_sp_gt_5,1444356,0.01,3,78,50,5,seq
34,14.84848484848485,0.7763855866395247,1.0672170539534205,1.156359547599766,0.0982460649337239,3_sp_gt_5,1444356,0.01,3,78,50,5,seq
35,2.4242424242424243,3.156272729084007,0.0459157836837176,0.0638149895022152,0.1803851419956314,3_sp_gt_5,1768742,0.01,3,78,50,5,seq
36,3.6363636363636367,2.823305476308104,1.0756759384298529,0.2221305896998702,0.0769779775486003,3_sp_gt_5,1768742,0.01,3,78,50,5,seq
37,4.848484848484849,1.2323689333533592,2.0525075668687074,0.9765778897597672,0.0692203860835505,3_sp_gt_5,1768742,0.01,3,78,50,5,seq
38,6.0606060606060606,0.6080968827927938,1.5774457829882491,1.4910623499274656,0.0782222476481317,3_sp_gt_5,1768742,0.01,3,78,50,5,seq
39,7.272727272727273,0.5300603652196889,1.0948420236706171,1.3051403589500004,0.0978804990567098,3_sp_gt_5,1768742,0.01,3,78,50,5,seq
40,0.0,0.09,0.08,0.05,1.0,3_sp_gt_5,2091765,0.01,3,78,50,5,seq
41,1.2121212121212122,1.4181363678389158,0.0684252704361761,0.1010231707683753,0.6750195342203014,3_sp_gt_5,2091765,0.01,3,78,50,5,seq
42,2.4242424242424243,2.799726891977406,0.6569414887348892,0.2779117159763307,0.1101995042369639,3_sp_gt_5,2091765,0.01,3,78,50,5,seq
43,3.6363636363636367,1.3115480464811111,2.13508878485631,1.0859958187128764,0.0669441402244162,3_sp_gt_5,2091765,0.01,3,78,50,5,seq
44,4.848484848484849,0.543270968897675,1.736101355172152,1.7063280064734734,0.072118318599473,3_sp_gt_5,2091765,0.01,3,78,50,5,seq
45,11.212121212121213,1.1347570051215508,1.3573339680185024,1.1694392959995903,0.0858863218924465,3_sp_gt_5,2369231,0.01,3,78,50,5,seq
46,12.424242424242424,0.770716251586258,1.508061318016829,1.4400791884013024,0.0804209735642738,3_sp_gt_5,2369231,0.01,3,78,50,5,seq
47,13.636363636363637,0.587987746519936,1.2183604627548978,1.3602169213045818,0.091579428894444,3_sp_gt_5,2369231,0.01,3,78,50,5,seq
48,14.84848484848485,0.6946922349313244,0.8854431155024308,1.1234723693359303,0.1057552590822026,3_sp_gt_5,2369231,0.01,3,78,50,5,seq
49,16.060606060606062,0.972412061413691,0.8649433476051969,0.9965489387946984,0.1091476894893124,3_sp_gt_5,2369231,0.01,3,78,50,5,seq
50,4.848484848484849,0.5601351165780074,1.986857448736549,1.836254788181436,0.0677549911305342,3_sp_gt_5,2698393,0.01,3,78,50,5,seq
51,6.0606060606060606,0.3161712194408508,1.2927456300219076,1.5682124330219405,0.087149613347619,3_sp_gt_5,2698393,0.01,3,78,50,5,seq
52,7.272727272727273,0.4408787598462965,0.7140924736934231,1.0516515887179023,0.1216252586719583,3_sp_gt_5,2698393,0.01,3,78,50,5,seq
53,8.484848484848484,0.925622191875328,0.5611536715105112,0.8040893346047955,0.1377763719968263,3_sp_gt_5,2698393,0.01,3,78,50,5,seq
54,10.0,1.3810977456641824,1.0762052718994477,1.0038973006681988,0.095296532054603,3_sp_gt_5,2698393,0.01,3,78,50,5,seq
55,8.484848484848484,0.6925662762621306,0.8399043329722783,1.092616348032391,0.1129166722073671,3_sp_gt_5,2721265,0.01,3,78,50,5,seq
56,10.0,1.043852370347186,0.8773848541542216,1.004147034280156,0.1051218751225737,3_sp_gt_5,2721265,0.01,3,78,50,5,seq
57,11.212121212121213,1.0374251567140378,1.1691772997780332,1.158947118473752,0.0919644424945576,3_sp_gt_5,2721265,0.01,3,78,50,5,seq
58,12.424242424242424,0.8152375683060376,1.3112605306552396,1.2635480968648174,0.0885870524164093,3_sp_gt_5,2721265,0.01,3,78,50,5,seq
59,13.636363636363637,0.755004941468548,1.1753042398529254,1.3050290067734105,0.0917124830522522,3_sp_gt_5,2721265,0.01,3,78,50,5,seq
60,10.0,1.3056663242393665,1.0621942513924492,1.0131166978628652,0.0966737465020237,3_sp_gt_5,2753893,0.01,3,78,50,5,seq
61,11.212121212121213,0.9019104480065364,1.5435754906822712,1.4169805851539456,0.0782943911338042,3_sp_gt_5,2753893,0.01,3,78,50,5,seq
62,12.424242424242424,0.5843333328012466,1.353780650041412,1.4525034543203652,0.0848078194739783,3_sp_gt_5,2753893,0.01,3,78,50,5,seq
63,13.636363636363637,0.6111439192078632,0.9607638753280776,1.1960406400023755,0.1037226919681726,3_sp_gt_5,2753893,0.01,3,78,50,5,seq
64,14.84848484848485,0.8730373884903323,0.8204721766878939,1.01311043136576,0.110148460140198,3_sp_gt_5,2753893,0.01,3,78,50,5,seq
65,11.212121212121213,0.9929207069239256,1.1497076355396307,1.1758555389186571,0.0919092269793229,3_sp_gt_5,2858482,0.01,3,78,50,5,seq
66,12.424242424242424,0.8388551630958443,1.2895735481267123,1.3111291476096874,0.0861323575702368,3_sp_gt_5,2858482,0.01,3,78,50,5,seq
67,13.636363636363637,0.6878445528285536,1.2219809621337163,1.3409911573462387,0.0913806345970295,3_sp_gt_5,2858482,0.01,3,78,50,5,seq
68,14.84848484848485,0.7150979819649564,1.0132970096360028,1.1817374200321529,0.1006383249285694,3_sp_gt_5,2858482,0.01,3,78,50,5,seq
69,16.060606060606062,0.891629499140445,0.9441235223951372,1.0832261769219178,0.1053330985423735,3_sp_gt_5,2858482,0.01,3,78,50,5,seq
70,4.848484848484849,0.5525275434690472,1.762653324650904,1.7151358727376362,0.0713739383078854,3_sp_gt_5,2905119,0.01,3,78,50,5,seq
71,6.0606060606060606,0.3983607149962578,1.145939254207092,1.465502204491849,0.091861493336502,3_sp_gt_5,2905119,0.01,3,78,50,5,seq
72,7.272727272727273,0.5783725960039618,0.7264548054119581,1.0378469369957346,0.1207772924699955,3_sp_gt_5,2905119,0.01,3,78,50,5,seq
73,8.484848484848484,1.027600116384766,0.6671004585494346,0.8993360011834081,0.1204010828855058,3_sp_gt_5,2905119,0.01,3,78,50,5,seq
74,10.0,1.1699434551911372,1.18192971717319,1.0834125961426948,0.0899573551620205,3_sp_gt_5,2905119,0.01,3,78,50,5,seq
75,10.0,1.2968811774212057,0.9425770440684348,0.9337342565951384,0.0991332314341356,3_sp_gt_5,3049039,0.01,3,78,50,5,seq
76,11.212121212121213,1.032136704319848,1.3911916083852829,1.2448140064227866,0.0821647648953399,3_sp_gt_5,3049039,0.01,3,78,50,5,seq
77,12.424242424242424,0.6667020906755937,1.3738288707039767,1.43938833301621,0.0824830136439459,3_sp_gt_5,3049039,0.01,3,78,50,5,seq
78,13.636363636363637,0.623124500526292,1.062811183606468,1.2216993532231644,0.0999072666770448,3_sp_gt_5,3049039,0.01,3,78,50,5,seq
79,14.84848484848485,0.8028820960892759,0.8699340249692323,1.083941089454724,0.109297871393938,3_sp_gt_5,3049039,0.01,3,78,50,5,seq
80,0.0,0.05,0.08,0.08,1.0,3_sp_gt_5,3346496,0.01,3,78,50,5,seq
81,1.2121212121212122,0.8975911097605002,0.053623646911104,0.1572042230260834,0.8227800309524309,3_sp_gt_5,3346496,0.01,3,78,50,5,seq
82,2.4242424242424243,2.662736117069127,0.330764052810973,0.3465083158174615,0.1429625290718494,3_sp_gt_5,3346496,0.01,3,78,50,5,seq
83,3.6363636363636367,1.612059088060254,1.9348284638817137,1.0040977734641192,0.0674476865576368,3_sp_gt_5,3346496,0.01,3,78,50,5,seq
84,4.848484848484849,0.5795653550258117,1.882648015649397,1.7621020210316758,0.0685239484486799,3_sp_gt_5,3346496,0.01,3,78,50,5,seq
85,0.0,0.04,0.06,0.03,1.0,3_sp_gt_5,4211685,0.01,3,78,50,5,seq
86,1.2121212121212122,0.8108490726734835,0.039121667102165,0.0604986301323238,0.8961565059697427,3_sp_gt_5,4211685,0.01,3,78,50,5,seq
87,2.4242424242424243,2.8736642633962632,0.2379260183177557,0.1547370123890085,0.1672341298567037,3_sp_gt_5,4211685,0.01,3,78,50,5,seq
88,3.6363636363636367,2.0192034535489496,1.851449353769573,0.5759845842168939,0.0705181718236876,3_sp_gt_5,4211685,0.01,3,78,50,5,seq
89,4.848484848484849,0.7680419875132187,1.953681962886298,1.5468909149634358,0.071227489583461,3_sp_gt_5,4211685,0.01,3,78,50,5,seq
90,10.0,1.3346690313527552,0.9894181419528576,0.9447440330400596,0.0996774466240776,3_sp_gt_5,4240255,0.01,3,78,50,5,seq
91,11.212121212121213,0.9737732849067318,1.490214638859003,1.3105434233012367,0.0808390187912492,3_sp_gt_5,4240255,0.01,3,78,50,5,seq
92,12.424242424242424,0.6480670871333543,1.3950731490297297,1.4456658264697482,0.0833622220227704,3_sp_gt_5,4240255,0.01,3,78,50,5,seq
93,13.636363636363637,0.6113564595841602,1.0155735994886472,1.250631043089896,0.0997158563219409,3_sp_gt_5,4240255,0.01,3,78,50,5,seq
94,14.84848484848485,0.8004637971075415,0.8746934347634895,1.0507301432485134,0.1087443324405813,3_sp_gt_5,4240255,0.01,3,78,50,5,seq
95,4.848484848484849,0.5921124525465675,1.9661671997136403,1.8171513771683816,0.0682837738538257,3_sp_gt_5,5140131,0.01,3,78,50,5,seq
96,6.0606060606060606,0.3491739935342142,1.2860635924771224,1.563739219020501,0.0867566054941693,3_sp_gt_5,5140131,0.01,3,78,50,5,seq
97,7.272727272727273,0.4856454778644069,0.7156958204250772,1.0290791021228145,0.1222912554240834,3_sp_gt_5,5140131,0.01,3,78,50,5,seq
98,8.484848484848484,0.97330099364892,0.5859300944372947,0.825420956861971,0.1344314444226922,3_sp_gt_5,5140131,0.01,3,78,50,5,seq
99,10.0,1.3397683818692423,1.1724830906218406,1.075620468648589,0.0895082676532701,3_sp_gt_5,5140131,0.01,3,78,50,5,seq
100,1.2121212121212122,0.8585533226766876,0.0455938382927052,0.0427729158871807,0.9365249172100786,3_sp_gt_5,5576645,0.01,3,78,50,5,seq
101,2.4242424242424243,2.9278833601498957,0.3220028460972307,0.1214012614423582,0.1567163004759167,3_sp_gt_5,5576645,0.01,3,78,50,5,seq
102,3.6363636363636367,1.8658879926001397,2.0145900709987585,0.5238151668259569,0.0707715248550294,3_sp_gt_5,5576645,0.01,3,78,50,5,seq
103,4.848484848484849,0.847971800161339,1.8176093143909984,1.3929170623831555,0.0717182699829926,3_sp_gt_5,5576645,0.01,3,78,50,5,seq
104,6.0606060606060606,0.5297502694515445,1.374826425204719,1.4945243613363015,0.084493404677304,3_sp_gt_5,5576645,0.01,3,78,50,5,seq
105,2.4242424242424243,3.109879972024034,0.1640700991025439,0.0638406999021136,0.1607996869195104,3_sp_gt_5,5589942,0.01,3,78,50,5,seq
106,3.6363636363636367,2.233263160061245,1.802022240762871,0.2652943015719735,0.0715203936352721,3_sp_gt_5,5589942,0.01,3,78,50,5,seq
107,4.848484848484849,1.121401776630672,1.8033784978177416,0.9829330283893007,0.0761211699519121,3_sp_gt_5,5589942,0.01,3,78,50,5,seq
108,6.0606060606060606,0.6880751211574647,1.4450019581577307,1.4312594355335242,0.0826174284019046,3_sp_gt_5,5589942,0.01,3,78,50,5,seq
109,7.272727272727273,0.5993880738449385,1.1191316814135746,1.316191781104577,0.0940055078868822,3_sp_gt_5,5589942,0.01,3,78,50,5,seq
110,4.848484848484849,0.6819382566566139,2.043082019479774,1.7589119709224852,0.0655622607554116,3_sp_gt_5,5614865,0.01,3,78,50,5,seq
111,6.0606060606060606,0.3417032067831622,1.38763026079798,1.6176012379310631,0.0817451591497311,3_sp_gt_5,5614865,0.01,3,78,50,5,seq
112,7.272727272727273,0.4499865383236108,0.7755748071797697,1.1096252926778576,0.1166090871464889,3_sp_gt_5,5614865,0.01,3,78,50,5,seq
113,8.484848484848484,0.8762012741509559,0.5777939741880166,0.8504980678839541,0.1344518252293184,3_sp_gt_5,5614865,0.01,3,78,50,5,seq
114,10.0,1.3276142162252111,0.9897316658908306,0.9547753262032236,0.099492775975263,3_sp_gt_5,5614865,0.01,3,78,50,5,seq
115,1.2121212121212122,0.9101308856579974,0.0589421097850881,0.138100177771341,0.8216778781302093,3_sp_gt_5,6543552,0.01,3,78,50,5,seq
116,2.4242424242424243,2.7158646316349526,0.3663818207743355,0.3144090719888769,0.1500539526320803,3_sp_gt_5,6543552,0.01,3,78,50,5,seq
117,3.6363636363636367,1.6120548042001936,1.959188653605807,0.9534568705694132,0.0704479708354944,3_sp_gt_5,6543552,0.01,3,78,50,5,seq
118,4.848484848484849,0.5853184019611305,1.9245304607795648,1.7795525076458747,0.0677953437710263,3_sp_gt_5,6543552,0.01,3,78,50,5,seq
119,6.0606060606060606,0.3617392262420298,1.277682149558283,1.5281580598211986,0.0888965459244147,3_sp_gt_5,6543552,0.01,3,78,50,5,seq
120,7.272727272727273,0.5474975294713812,0.7406759273585134,1.038226596935884,0.1194606152476664,3_sp_gt_5,6550368,0.01,3,78,50,5,seq
121,8.484848484848484,1.0121657616251796,0.6428945577079659,0.8683049484233005,0.126431332840007,3_sp_gt_5,6550368,0.01,3,78,50,5,seq
122,10.0,1.2271635114571362,1.1759008605004748,1.068128077385247,0.0912373037782598,3_sp_gt_5,6550368,0.01,3,78,50,5,seq
123,11.212121212121213,0.8858727772819124,1.46671819993832,1.3704935588217664,0.0799275817217053,3_sp_gt_5,6550368,0.01,3,78,50,5,seq
124,12.424242424242424,0.6320669112543322,1.2800805859124753,1.424580137119786,0.0871139211808168,3_sp_gt_5,6550368,0.01,3,78,50,5,seq
125,6.0606060606060606,0.360010900146189,1.1683138927877417,1.4466085831910744,0.0926847282527084,3_sp_gt_5,6667140,0.01,3,78,50,5,seq
126,7.272727272727273,0.533716699624467,0.6669943357808107,0.9741023980514664,0.1268227082100688,3_sp_gt_5,6667140,0.01,3,78,50,5,seq
127,8.484848484848484,1.0903892878276653,0.6064811642772244,0.8257366513910114,0.1259262910627396,3_sp_gt_5,6667140,0.01,3,78,50,5,seq
128,10.0,1.2571239659425486,1.220874674039323,1.0741984376370568,0.0880560310999528,3_sp_gt_5,6667140,0.01,3,78,50,5,seq
129,11.212121212121213,0.8292346374203347,1.548728103529614,1.4426018273846584,0.0778547567542536,3_sp_gt_5,6667140,0.01,3,78,50,5,seq
130,7.272727272727273,0.3756381641378105,0.8728465644154623,1.224008844245785,0.1096878334608686,3_sp_gt_5,7964854,0.01,3,78,50,5,seq
131,8.484848484848484,0.7290285306055324,0.5721683818075648,0.8997095663997744,0.1359451038937615,3_sp_gt_5,7964854,0.01,3,78,50,5,seq
132,10.0,1.3027064701496622,0.8791135753345031,0.906759704042284,0.1053360488331049,3_sp_gt_5,7964854,0.01,3,78,50,5,seq
133,11.212121212121213,1.057484954303246,1.3866919094149726,1.2335109366459756,0.082677506207651,3_sp_gt_5,7964854,0.01,3,78,50,5,seq
134,12.424242424242424,0.7070105747658254,1.4071017553875755,1.4859071002879305,0.0819653782653718,3_sp_gt_5,7964854,0.01,3,78,50,5,seq
135,1.2121212121212122,0.6829637368527345,0.0506708727570127,0.0629433170160119,0.9756477711862228,3_sp_gt_5,8139908,0.01,3,78,50,5,seq
136,2.4242424242424243,2.8221953026476925,0.2600811740035457,0.1644434961599248,0.1871961684966229,3_sp_gt_5,8139908,0.01,3,78,50,5,seq
137,3.6363636363636367,1.940167152621884,1.965032788910952,0.6393668014909443,0.0702790717929683,3_sp_gt_5,8139908,0.01,3,78,50,5,seq
138,4.848484848484849,0.7139394045899149,1.9225281824968612,1.6104526668217047,0.0696706094616751,3_sp_gt_5,8139908,0.01,3,78,50,5,seq
139,6.0606060606060606,0.4294148343362556,1.3225275933263252,1.51338061604474,0.0874115897451074,3_sp_gt_5,8139908,0.01,3,78,50,5,seq
140,8.484848484848484,1.0160560591487997,0.569977301970239,0.8154431343188898,0.1338961611920347,3_sp_gt_5,8493390,0.01,3,78,50,5,seq
141,10.0,1.334655707232238,1.1279609563984838,1.0512425527298908,0.0898392521960882,3_sp_gt_5,8493390,0.01,3,78,50,5,seq
142,11.212121212121213,0.8742611567004941,1.4964606697852476,1.4232278064163608,0.0790264289881686,3_sp_gt_5,8493390,0.01,3,78,50,5,seq
143,12.424242424242424,0.611203379846194,1.3309288376967243,1.4583114521046707,0.0853913394644095,3_sp_gt_5,8493390,0.01,3,78,50,5,seq
144,13.636363636363637,0.629941963055618,1.0143700433310452,1.231277995332686,0.1026844190006687,3_sp_gt_5,8493390,0.01,3,78,50,5,seq
145,6.0606060606060606,0.5706809845575032,1.3083497995215,1.4347212399555584,0.0865414656459717,3_sp_gt_5,8717317,0.01,3,78,50,5,seq
146,7.272727272727273,0.6043041129663655,0.989345649867568,1.195200329852182,0.1039382291662014,3_sp_gt_5,8717317,0.01,3,78,50,5,seq
147,8.484848484848484,0.8510047693089449,0.7940513901924131,1.0186520349641612,0.1125397143390577,3_sp_gt_5,8717317,0.01,3,78,50,5,seq
148,10.0,1.0627079282010057,1.0796064047537033,1.1173884915686505,0.0952690731750832,3_sp_gt_5,8717317,0.01,3,78,50,5,seq
149,11.212121212121213,0.8608866178270322,1.2910048121318436,1.2968696298402864,0.086814297805892,3_sp_gt_5,8717317,0.01,3,78,50,5,seq
150,4.848484848484849,0.7530018540366618,2.1315718895601465,1.758265463345429,0.0641611541870618,3_sp_gt_5,8745245,0.01,3,78,50,5,seq
151,6.0606060606060606,0.3391462541434852,1.4736827711090632,1.681275441290119,0.0799163319942912,3_sp_gt_5,8745245,0.01,3,78,50,5,seq
152,7.272727272727273,0.3900792880192411,0.8084998109272253,1.18682149459662,0.1137232161249112,3_sp_gt_5,8745245,0.01,3,78,50,5,seq
153,8.484848484848484,0.7985363617670479,0.5606517064084181,0.8607097616145535,0.1345915041945425,3_sp_gt_5,8745245,0.01,3,78,50,5,seq
154,10.0,1.3174173338362931,0.9072174012431212,0.930528413504585,0.1022543401540817,3_sp_gt_5,8745245,0.01,3,78,50,5,seq
155,1.2121212121212122,1.3436513090181106,0.0739090297745991,0.1577443860135255,0.637709025928549,3_sp_gt_5,8982779,0.01,3,78,50,5,seq
156,2.4242424242424243,2.700937422826701,0.6151924555037277,0.3671616512353445,0.1124498948155733,3_sp_gt_5,8982779,0.01,3,78,50,5,seq
157,3.6363636363636367,1.3076460428074588,2.066583030718213,1.210843984085091,0.0657475441616192,3_sp_gt_5,8982779,0.01,3,78,50,5,seq
158,4.848484848484849,0.5118792091667779,1.715102452654549,1.7494990466010645,0.0730873043876167,3_sp_gt_5,8982779,0.01,3,78,50,5,seq
159,6.0606060606060606,0.381178057081889,1.1114001842582195,1.392272272155009,0.0986811007884354,3_sp_gt_5,8982779,0.01,3,78,50,5,seq
160,2.4242424242424243,2.828515238705459,0.4203664679758318,0.2207312741135375,0.135063805860056,3_sp_gt_5,9036584,0.01,3,78,50,5,seq
161,3.6363636363636367,1.58195910806534,1.996942871450142,0.8312422129832543,0.0694429497208011,3_sp_gt_5,9036584,0.01,3,78,50,5,seq
162,4.848484848484849,0.648147042417836,1.829513716855042,1.6550520324951576,0.0704865397747843,3_sp_gt_5,9036584,0.01,3,78,50,5,seq
163,6.0606060606060606,0.4092564385463253,1.2564542422544347,1.5113923669586855,0.0870257767790181,3_sp_gt_5,9036584,0.01,3,78,50,5,seq
164,7.272727272727273,0.5302182015079768,0.7876610536902912,1.1031562400039836,0.1146193229366479,3_sp_gt_5,9036584,0.01,3,78,50,5,seq
165,1.2121212121212122,0.9102954003208074,0.0261237355423531,0.0219549777474505,0.9761224082790844,3_sp_gt_5,9104526,0.01,3,78,50,5,seq
166,2.4242424242424243,3.006750442451836,0.2051720761372421,0.0634248533804275,0.1600527883909069,3_sp_gt_5,9104526,0.01,3,78,50,5,seq
167,3.6363636363636367,2.182367175623608,1.8894432165279256,0.283659134202508,0.0711264504493094,3_sp_gt_5,9104526,0.01,3,78,50,5,seq
168,4.848484848484849,1.0227369645736637,1.7971381059016938,1.020639240075549,0.0759986793220511,3_sp_gt_5,9104526,0.01,3,78,50,5,seq
169,6.0606060606060606,0.6735042929439328,1.370637004316417,1.358855728798675,0.0836444644803948,3_sp_gt_5,9104526,0.01,3,78,50,5,seq
170,1.2121212121212122,1.4337805063292803,0.074179693669579,0.0221788283883327,0.6792580824221665,3_sp_gt_5,9275155,0.01,3,78,50,5,seq
171,2.4242424242424243,2.920374514224888,0.7122066898598599,0.0687870410302248,0.1104569695115749,3_sp_gt_5,9275155,0.01,3,78,50,5,seq
172,3.6363636363636367,1.6483929746220012,2.0377675795957257,0.372865752880907,0.0724252102084665,3_sp_gt_5,9275155,0.01,3,78,50,5,seq
173,4.848484848484849,1.0161012293986884,1.537985220077014,0.9886375366079312,0.0828884765962174,3_sp_gt_5,9275155,0.01,3,78,50,5,seq
174,6.0606060606060606,0.7536693955144914,1.356520386176634,1.329883585790549,0.0857957971707512,3_sp_gt_5,9275155,0.01,3,78,50,5,seq
175,1.2121212121212122,0.8461265671665007,0.0310330667040439,0.0214310658339766,0.91080377288949,3_sp_gt_5,9638443,0.01,3,78,50,5,seq
176,2.4242424242424243,3.035260825851415,0.2094552150325768,0.0602087298677782,0.1617705965391216,3_sp_gt_5,9638443,0.01,3,78,50,5,seq
177,3.6363636363636367,2.1577868125643427,1.886593930898094,0.2761507692713346,0.0726371740601709,3_sp_gt_5,9638443,0.01,3,78,50,5,seq
178,4.848484848484849,1.068036158207327,1.7727475711568943,1.0170027406437503,0.0764906562752881,3_sp_gt_5,9638443,0.01,3,78,50,5,seq
179,6.0606060606060606,0.6861092765603756,1.476223124397862,1.410620663536414,0.0815693415234098,3_sp_gt_5,9638443,0.01,3,78,50,5,seq
180,2.4242424242424243,2.8459571816020404,0.0958387652050476,0.2362479194785804,0.188503564246995,3_sp_gt_5,9668522,0.01,3,78,50,5,seq
181,3.6363636363636367,2.257154075542364,1.44833433808213,0.6660600980406796,0.0734242963681879,3_sp_gt_5,9668522,0.01,3,78,50,5,seq
182,4.848484848484849,0.7698273381042973,2.1038146558513384,1.6592780840468189,0.06529959590865,3_sp_gt_5,9668522,0.01,3,78,50,5,seq
183,6.0606060606060606,0.3658421985847837,1.467537403075173,1.6913767970739793,0.0787836082628714,3_sp_gt_5,9668522,0.01,3,78,50,5,seq
184,7.272727272727273,0.4206098654220936,0.8296692547681698,1.182094500849844,0.1108962197569043,3_sp_gt_5,9668522,0.01,3,78,50,5,seq
185,0.0,0.06,0.06,0.01,1.0,3_sp_gt_5,9845126,0.01,3,78,50,5,seq
186,1.2121212121212122,1.1522605505070926,0.0432565759114125,0.021986542671749,0.8091752786584973,3_sp_gt_5,9845126,0.01,3,78,50,5,seq
187,2.4242424242424243,3.022355876707792,0.405573745330808,0.0638027764019333,0.1291232525280006,3_sp_gt_5,9845126,0.01,3,78,50,5,seq
188,3.6363636363636367,1.850583735108397,2.04249236465142,0.3165834997610143,0.0704234092343843,3_sp_gt_5,9845126,0.01,3,78,50,5,seq
189,4.848484848484849,1.0349792173430987,1.685462010534733,1.0480375007392222,0.0778284280892151,3_sp_gt_5,9845126,0.01,3,78,50,5,seq
190,10.0,1.2393295112334486,1.2010988614681453,1.0497287375378797,0.0880729957171008,3_sp_gt_5,10011807,0.01,3,78,50,5,seq
191,11.212121212121213,0.8441082853277403,1.496901656868164,1.4028326269174574,0.0805343633806551,3_sp_gt_5,10011807,0.01,3,78,50,5,seq
192,12.424242424242424,0.592221841131092,1.256016410553526,1.4285576803727735,0.0886479451221103,3_sp_gt_5,10011807,0.01,3,78,50,5,seq
193,13.636363636363637,0.6667587857083795,0.9148090598891416,1.1356294693841729,0.1076625872394413,3_sp_gt_5,10011807,0.01,3,78,50,5,seq
194,14.84848484848485,0.8934502182913815,0.814142763290399,1.0055771971387402,0.1116108372197768,3_sp_gt_5,10011807,0.01,3,78,50,5,seq
195,8.484848484848484,0.5080623841340557,0.6065216637581788,0.9499491000209812,0.1336723302682076,3_sp_gt_5,10435541,0.01,3,78,50,5,seq
196,10.0,1.2568658685986216,0.6217623959102082,0.7852641618262737,0.1256663985517398,3_sp_gt_5,10435541,0.01,3,78,50,5,seq
197,11.212121212121213,1.3087036689362923,1.2613797354524914,1.075528105635641,0.0880910661532785,3_sp_gt_5,10435541,0.01,3,78,50,5,seq
198,12.424242424242424,0.8134992938653212,1.5725258256075954,1.458257440981061,0.0763763210114058,3_sp_gt_5,10435541,0.01,3,78,50,5,seq
199,13.636363636363637,0.5605582652294979,1.2798599787784906,1.4101085634050894,0.0891356514954775,3_sp_gt_5,10435541,0.01,3,78,50,5,seq
200,6.0606060606060606,0.3654097010291948,1.2219818638164293,1.4885019933287964,0.0880786417007521,3_sp_gt_5,10471522,0.01,3,78,50,5,seq
201,7.272727272727273,0.5147715904753558,0.7139392930016065,1.0476697944699365,0.1225925524926924,3_sp_gt_5,10471522,0.01,3,78,50,5,seq
202,8.484848484848484,0.9751370600993724,0.6068527239964007,0.8503080769725126,0.1277098552431549,3_sp_gt_5,10471522,0.01,3,78,50,5,seq
203,10.0,1.2757820001094062,1.1594273332826015,1.0441155408905938,0.0926753295887558,3_sp_gt_5,10471522,0.01,3,78,50,5,seq
204,11.212121212121213,0.868368181343276,1.4997117232280317,1.4170457472810567,0.0793699986670908,3_sp_gt_5,10471522,0.01,3,78,50,5,seq
205,7.272727272727273,0.3423876127202606,0.8025994734277667,1.168618826378214,0.1143856412265176,3_sp_gt_5,10488077,0.01,3,78,50,5,seq
206,8.484848484848484,0.7337895924298613,0.4914527708733673,0.8245428124832579,0.1455750949784314,3_sp_gt_5,10488077,0.01,3,78,50,5,seq
207,10.0,1.424591668928346,0.8378168931019393,0.8515883461848722,0.1059446944984881,3_sp_gt_5,10488077,0.01,3,78,50,5,seq
208,11.212121212121213,1.1153589514245337,1.4757550653669866,1.2193187821601374,0.0807438458033115,3_sp_gt_5,10488077,0.01,3,78,50,5,seq
209,12.424242424242424,0.6907531195510151,1.4640662073496886,1.513958339445123,0.0818198560155739,3_sp_gt_5,10488077,0.01,3,78,50,5,seq
210,8.484848484848484,0.844426122268711,0.6471503966034124,0.9020719009216934,0.1282722387884883,3_sp_gt_5,10646715,0.01,3,78,50,5,seq
211,10.0,1.2468665361157143,0.9853264743787656,0.9783503015739428,0.1000320798349834,3_sp_gt_5,10646715,0.01,3,78,50,5,seq
212,11.212121212121213,1.003525179769955,1.437382894530558,1.303965055901419,0.0833462489839603,3_sp_gt_5,10646715,0.01,3,78,50,5,seq
213,12.424242424242424,0.6393378397674707,1.3633133106460664,1.4497551288214965,0.0827754996384881,3_sp_gt_5,10646715,0.01,3,78,50,5,seq
214,13.636363636363637,0.6316597762630081,1.026091533905487,1.2140555675980904,0.0988606728679162,3_sp_gt_5,10646715,0.01,3,78,50,5,seq
215,7.272727272727273,0.4521866224977449,0.7583161392605768,1.0910089565319077,0.1164843223969068,3_sp_gt_5,10793741,0.01,3,78,50,5,seq
216,8.484848484848484,0.902378894772324,0.55253251784143,0.8063289086899169,0.1361617917303311,3_sp_gt_5,10793741,0.01,3,78,50,5,seq
217,10.0,1.3552243430683166,1.030286469668945,0.94007458709218,0.0977286813465593,3_sp_gt_5,10793741,0.01,3,78,50,5,seq
218,11.212121212121213,0.9739517590542878,1.4651120793774444,1.330137539350707,0.0810802740679087,3_sp_gt_5,10793741,0.01,3,78,50,5,seq
219,12.424242424242424,0.645585720199091,1.373130556365029,1.4588787421229987,0.0854326358038072,3_sp_gt_5,10793741,0.01,3,78,50,5,seq
220,10.0,1.2310965803590197,1.163825681264652,1.0553095741671692,0.0918067184402323,3_sp_gt_5,10999907,0.01,3,78,50,5,seq
221,11.212121212121213,0.8511863060927555,1.4477231862496611,1.3874771267535122,0.0812747720816475,3_sp_gt_5,10999907,0.01,3,78,50,5,seq
222,12.424242424242424,0.6430285417256444,1.2572514675873685,1.4015383473369052,0.0895356179492173,3_sp_gt_5,10999907,0.01,3,78,50,5,seq
223,13.636363636363637,0.675987167115893,0.9780000977913824,1.1709757804231211,0.1001874057253597,3_sp_gt_5,10999907,0.01,3,78,50,5,seq
224,14.84848484848485,0.8986148213687853,0.8863703581777499,1.030962082514411,0.1085423817826527,3_sp_gt_5,10999907,0.01,3,78,50,5,seq
225,3.6363636363636367,1.7014809190505982,1.9110320107180303,0.959305712531596,0.0680471125199391,3_sp_gt_5,11499954,0.01,3,78,50,5,seq
226,4.848484848484849,0.5772238134150451,1.97141843639192,1.7987814711925956,0.0674177669224474,3_sp_gt_5,11499954,0.01,3,78,50,5,seq
227,6.0606060606060606,0.3535494258097905,1.232070371335183,1.536624952078436,0.0886280962297539,3_sp_gt_5,11499954,0.01,3,78,50,5,seq
228,7.272727272727273,0.4788270175245773,0.7089413873865976,1.0588833330093688,0.1204926828539578,3_sp_gt_5,11499954,0.01,3,78,50,5,seq
229,8.484848484848484,0.9528684694946318,0.5952071614348228,0.8348630315330886,0.1304827458701928,3_sp_gt_5,11499954,0.01,3,78,50,5,seq
230,10.0,1.2489359369002837,1.2128604781880572,1.1087292850641663,0.0889718393009777,3_sp_gt_5,11563241,0.01,3,78,50,5,seq
231,11.212121212121213,0.8085770383030494,1.5128115651367002,1.4423139244427918,0.0800983416638267,3_sp_gt_5,11563241,0.01,3,78,50,5,seq
232,12.424242424242424,0.5809405876458454,1.238592329102655,1.4385761045788852,0.0888432929258121,3_sp_gt_5,11563241,0.01,3,78,50,5,seq
233,13.636363636363637,0.6614940491858645,0.945092489744473,1.1656708616708078,0.1047237367976979,3_sp_gt_5,11563241,0.01,3,78,50,5,seq
234,14.84848484848485,0.9253082737671472,0.8463062165903298,1.0193160248660191,0.1120603266809467,3_sp_gt_5,11563241,0.01,3,78,50,5,seq
235,0.0,0.02,0.01,0.09,1.0,3_sp_gt_5,11942766,0.01,3,78,50,5,seq
236,1.2121212121212122,0.4593571605274982,0.0060087406528991,0.1669356199788818,1.019923682552039,3_sp_gt_5,11942766,0.01,3,78,50,5,seq
237,2.4242424242424243,2.5580500081730464,0.0238307022588678,0.3521561815562871,0.2417940821257012,3_sp_gt_5,11942766,0.01,3,78,50,5,seq
238,3.6363636363636367,2.702656541247914,0.5270621396214922,0.7037569356928273,0.0817687513202202,3_sp_gt_5,11942766,0.01,3,78,50,5,seq
239,4.848484848484849,1.0804727179960532,2.183097125362912,1.6369418178405584,0.0623919364634974,3_sp_gt_5,11942766,0.01,3,78,50,5,seq
240,4.848484848484849,0.8019892202456206,2.078012921280199,1.603789500290953,0.0666667679998189,3_sp_gt_5,12305126,0.01,3,78,50,5,seq
241,6.0606060606060606,0.3997756496743462,1.451415451064934,1.654422516639512,0.0803967072200427,3_sp_gt_5,12305126,0.01,3,78,50,5,seq
242,7.272727272727273,0.4373800049861902,0.847320271749233,1.1479984095399938,0.1128819259119947,3_sp_gt_5,12305126,0.01,3,78,50,5,seq
243,8.484848484848484,0.816948977034863,0.5810483338797802,0.870190279180433,0.1325732963673777,3_sp_gt_5,12305126,0.01,3,78,50,5,seq
244,10.0,1.3432629953751998,0.9396426256605074,0.935316993136593,0.1021040837612023,3_sp_gt_5,12305126,0.01,3,78,50,5,seq
245,0.0,0.09,0.09,0.01,1.0,3_sp_gt_5,12733201,0.01,3,78,50,5,seq
246,1.2121212121212122,1.4264433452064578,0.0753919811941493,0.0214890589233305,0.6800115489573382,3_sp_gt_5,12733201,0.01,3,78,50,5,seq
247,2.4242424242424243,2.9342006952972866,0.6677304649528423,0.065883308987302,0.1151355580774736,3_sp_gt_5,12733201,0.01,3,78,50,5,seq
248,3.6363636363636367,1.6416257842287507,1.995228174063471,0.3553534780355268,0.0719962157716813,3_sp_gt_5,12733201,0.01,3,78,50,5,seq
249,4.848484848484849,1.039259137906704,1.5735207087048295,0.9948251913377836,0.081027406679095,3_sp_gt_5,12733201,0.01,3,78,50,5,seq
